BT0_FixerSingleEye_Shoulders,Apprentice Prototype Shoulders,,https://openloot-metadata.bigtime.gg/BT0/FixerSingleEye_Shoulders.png,49.9,1000,Apprentice Prototype,rare,,FixerSingleEye_Shoulders
BT0_Deco_Arthurian_Bed02,Arthurian Bed,,https://openloot-metadata.bigtime.gg/BT0/Deco_Arthurian_Bed02.png,8.25,1000,Arthurian,rare,,Deco_Arthurian_Bed02
BT0_MysteryBox_EarlyAccess_Armory,Armory Mystery Box,,https://openloot-metadata.bigtime.gg/BT0/MysteryBox_EarlyAccess_Armory.png,329.97,3500,,uncommon,,MysteryBox_EarlyAccess_Armory
BT0_Deco_Arthurian_Bed06,Arthurian Queen's Bed,,https://openloot-metadata.bigtime.gg/BT0/Deco_Arthurian_Bed06.png,5,1000,Arthurian,rare,,Deco_Arthurian_Bed06
BT0_Deco_Arthurian_Throne01,Arthurian Red Throne,,https://openloot-metadata.bigtime.gg/BT0/Deco_Arthurian_Throne01.png,450,100,Arthurian,legendary,,Deco_Arthurian_Throne01
BT0_Title_AqueousWanderer,Aqueous Wanderer (Title),,https://openloot-metadata.bigtime.gg/BT0/Title_AqueousWanderer.png,3.09,6000,Standalone Titles,uncommon,,Title_AqueousWanderer
BT0_Deco_Arthurian_Bed05,Arthurian Simple Bed,,https://openloot-metadata.bigtime.gg/BT0/Deco_Arthurian_Bed05.png,3.5,3500,Arthurian,uncommon,,Deco_Arthurian_Bed05
BT0_Deco_Arthurian_Stool01,Arthurian Stool,,https://openloot-metadata.bigtime.gg/BT0/Deco_Arthurian_Stool01.png,2,3500,Arthurian,uncommon,,Deco_Arthurian_Stool01
BT0_Emote_Backflip,Backflip (Emote),,https://openloot-metadata.bigtime.gg/BT0/Emote_Backflip.png,16,15000,Emote,common,,Emote_Backflip
BT0_Title_BagCollector,Bag Collector,,https://openloot-metadata.bigtime.gg/BT0/Title_BagCollector.png,5,1000,Standalone Titles,rare,,Title_BagCollector
BT0_Copper_2H_Axe,Battle Axe of Sir Alymere ,,https://openloot-metadata.bigtime.gg/BT0/Copper_2H_Axe.png,2.89,3500,Alymere,uncommon,,Copper_2H_Axe
BT0_OrangeDream_2H_Axe,Battle Axe of Sir Bediveren,,https://openloot-metadata.bigtime.gg/BT0/OrangeDream_2H_Axe.png,3.5,1000,Bedivere,rare,,OrangeDream_2H_Axe
BT0_CrimsonSand_2H_Axe,Battle Axe of Sir Bleoberis,,https://openloot-metadata.bigtime.gg/BT0/CrimsonSand_2H_Axe.png,2.9,3500,Beloberis,uncommon,,CrimsonSand_2H_Axe
BT0_Deco_Arthurian_Bed07,Arthurian King's Bed,,https://openloot-metadata.bigtime.gg/BT0/Deco_Arthurian_Bed07.png,20.89,350,Arthurian,epic,,Deco_Arthurian_Bed07
BT0_BlackRed_2H_Axe,Battle Axe of Sir Branor,,https://openloot-metadata.bigtime.gg/BT0/BlackRed_2H_Axe.png,8.48,3500,Branor,uncommon,,BlackRed_2H_Axe
BT0_Darkness_2H_Axe,Battle Axe of Sir Brunor,,https://openloot-metadata.bigtime.gg/BT0/Darkness_2H_Axe.png,699,100,Brunor,legendary,,Darkness_2H_Axe
BT0_CrystalBlue_2H_Axe,Battle Axe of Sir Cai,,https://openloot-metadata.bigtime.gg/BT0/CrystalBlue_2H_Axe.png,1.39,3500,Cai,uncommon,,CrystalBlue_2H_Axe
BT0_SuperPink_2H_Axe,Battle Axe of Sir Dagonet,,https://openloot-metadata.bigtime.gg/BT0/SuperPink_2H_Axe.png,26.5,350,Dagonet,epic,,SuperPink_2H_Axe
BT0_Poison_2H_Axe,Battle Axe of Sir Galahad,,https://openloot-metadata.bigtime.gg/BT0/Poison_2H_Axe.png,1.61,3500,Galahad,uncommon,,Poison_2H_Axe
BT0_Frost_2H_Axe,Battle Axe of Sir Gareth,,https://openloot-metadata.bigtime.gg/BT0/Frost_2H_Axe.png,3,3500,Gareth,uncommon,,Frost_2H_Axe
BT0_Paradox_2H_Axe,Battle Axe of Sir Gawain,,https://openloot-metadata.bigtime.gg/BT0/Paradox_2H_Axe.png,140,350,Gawain,epic,,Paradox_2H_Axe
BT0_IronBoy_2H_Axe,Battle Axe of Sir Gingalain,,https://openloot-metadata.bigtime.gg/BT0/IronBoy_2H_Axe.png,3.3,3500,Gingalain,uncommon,,IronBoy_2H_Axe
BT0_RedBerry_2H_Axe,Battle Axe of Sir Hector,,https://openloot-metadata.bigtime.gg/BT0/RedBerry_2H_Axe.png,1.4,3500,Hector,uncommon,,RedBerry_2H_Axe
BT0_Ember_2H_Axe,Battle Axe of Sir Lamorak,,https://openloot-metadata.bigtime.gg/BT0/Ember_2H_Axe.png,9,3500,Lamorak,uncommon,,Ember_2H_Axe
BT0_FixerSingleEye_Legs,Apprentice Prototype Legs,,https://openloot-metadata.bigtime.gg/BT0/FixerSingleEye_Legs.png,16.9,1000,Apprentice Prototype,rare,,FixerSingleEye_Legs
BT0_Lightning_Axe,Battle Axe of Sir Lancelot,,https://openloot-metadata.bigtime.gg/BT0/Lightning_Axe.png,32.9,350,Lancelot,epic,,Lightning_Axe
BT0_OrangeCool_2H_Axe,Battle Axe of Sir Lucan,,https://openloot-metadata.bigtime.gg/BT0/OrangeCool_2H_Axe.png,1.59,3500,Lucan,uncommon,,OrangeCool_2H_Axe
BT0_Blast_2H_Axe,Battle Axe of Sir Palamedes,,https://openloot-metadata.bigtime.gg/BT0/Blast_2H_Axe.png,23,350,Palamedes,epic,,Blast_2H_Axe
BT0_Weaver_2H_Axe,Battle Axe of Sir Pellinore,,https://openloot-metadata.bigtime.gg/BT0/Weaver_2H_Axe.png,4.02,1000,Pellinore,rare,,Weaver_2H_Axe
BT0_GoldenGod_2H_Axe,Battle Axe of Sir Percivale,,https://openloot-metadata.bigtime.gg/BT0/GoldenGod_2H_Axe.png,20,1000,Percival,rare,,GoldenGod_2H_Axe
BT0_YellowBee_2H_Axe,Battle Axe of Sir Sapher,,https://openloot-metadata.bigtime.gg/BT0/YellowBee_2H_Axe.png,3.2,1000,Sapher,rare,,YellowBee_2H_Axe
BT0_Jade_2H_Axe,Battle Axe of Sir Tristram,,https://openloot-metadata.bigtime.gg/BT0/Jade_2H_Axe.png,2.5,3500,Tristram,uncommon,,Jade_2H_Axe
BT0_Chrome_2H_Axe,Battle Axe of Sir Uriens,,https://openloot-metadata.bigtime.gg/BT0/Chrome_2H_Axe.png,3.97,3500,Uriens,uncommon,,Chrome_2H_Axe
BT0_Copper_1H_Sword,Battle Blade of Sir Alymere ,,https://openloot-metadata.bigtime.gg/BT0/Copper_1H_sword.png,1.45,3500,Alymere,uncommon,,Copper_1H_Sword
BT0_OrangeDream_1H_Sword,Battle Blade of Sir Bedivere,,https://openloot-metadata.bigtime.gg/BT0/OrangeDream_1H_sword.png,9,1000,Bedivere,rare,,OrangeDream_1H_Sword
BT0_CrimsonSand_1H_Sword,Battle Blade of Sir Bleoberis,,https://openloot-metadata.bigtime.gg/BT0/CrimsonSand_1H_sword.png,1.45,3500,Beloberis,uncommon,,CrimsonSand_1H_Sword
BT0_Amethyst_1H_Sword,Battle Blade of Sir Bors,,https://openloot-metadata.bigtime.gg/BT0/Amethyst_1H_sword.png,5,1000,Bors,rare,,Amethyst_1H_Sword
BT0_BlackRed_1H_Sword,Battle Blade of Sir Branor,,https://openloot-metadata.bigtime.gg/BT0/BlackRed_1H_sword.png,11,3500,Branor,uncommon,,BlackRed_1H_Sword
BT0_Darkness_1H_Sword,Battle Blade of Sir Brunor,,https://openloot-metadata.bigtime.gg/BT0/Darkness_1H_sword.png,690,100,Brunor,legendary,,Darkness_1H_Sword
BT0_CrystalBlue_1H_Sword,Battle Blade of Sir Cai,,https://openloot-metadata.bigtime.gg/BT0/CrystalBlue_1H_sword.png,2.7,3500,Cai,uncommon,,CrystalBlue_1H_Sword
BT0_SuperPink_1H_Sword,Battle Blade of Sir Dagonet,,https://openloot-metadata.bigtime.gg/BT0/SuperPink_1H_sword.png,42,350,Dagonet,epic,,SuperPink_1H_Sword
BT0_Poison_1H_Sword,Battle Blade of Sir Galahad,,https://openloot-metadata.bigtime.gg/BT0/Poison_1H_sword.png,1.5,3500,Galahad,uncommon,,Poison_1H_Sword
BT0_Frost_1H_Sword,Battle Blade of Sir Gareth,,https://openloot-metadata.bigtime.gg/BT0/Frost_1H_sword.png,1.5,3500,Gareth,uncommon,,Frost_1H_Sword
BT0_Paradox_1H_Sword,Battle Blade of Sir Gawain,,https://openloot-metadata.bigtime.gg/BT0/Paradox_1H_sword.png,49.99,350,Gawain,epic,,Paradox_1H_Sword
BT0_IronBoy_1H_Sword,Battle Blade of Sir Gingalain,,https://openloot-metadata.bigtime.gg/BT0/IronBoy_1H_sword.png,3.88,3500,Gingalain,uncommon,,IronBoy_1H_Sword
BT0_RedBerry_1H_Sword,Battle Blade of Sir Hector,,https://openloot-metadata.bigtime.gg/BT0/RedBerry_1H_sword.png,1.65,3500,Hector,uncommon,,RedBerry_1H_Sword
BT0_Ember_1H_Sword,Battle Blade of Sir Lamorak,,https://openloot-metadata.bigtime.gg/BT0/Ember_1H_sword.png,5.9,3500,Lamorak,uncommon,,Ember_1H_Sword
BT0_Lightning_1H_Sword,Battle Blade of Sir Lancelot,,https://openloot-metadata.bigtime.gg/BT0/Lightning_1H_sword.png,46,350,Lancelot,epic,,Lightning_1H_Sword
BT0_Evermore_1H_Sword,Battle Blade of Sir Lionell,,https://openloot-metadata.bigtime.gg/BT0/Evermore_1H_sword.png,1.8,3500,Lionell,uncommon,,Evermore_1H_Sword
BT0_OrangeCool_1H_Sword,Battle Blade of Sir Lucan,,https://openloot-metadata.bigtime.gg/BT0/OrangeCool_1H_sword.png,1.49,3500,Lucan,uncommon,,OrangeCool_1H_Sword
BT0_Blast_1H_Sword,Battle Blade of Sir Palamedes,,https://openloot-metadata.bigtime.gg/BT0/Blast_1H_sword.png,25,350,Palamedes,epic,,Blast_1H_Sword
BT0_Weaver_1H_Sword,Battle Blade of Sir Pellinore,,https://openloot-metadata.bigtime.gg/BT0/Weaver_1H_sword.png,3,1000,Pellinore,rare,,Weaver_1H_Sword
BT0_GoldenGod_1H_Sword,Battle Blade of Sir Percivale,,https://openloot-metadata.bigtime.gg/BT0/GoldenGod_1H_sword.png,19.99,1000,Percival,rare,,GoldenGod_1H_Sword
BT0_YellowBee_1H_Sword,Battle Blade of Sir Sapher,,https://openloot-metadata.bigtime.gg/BT0/YellowBee_1H_sword.png,4.19,1000,Sapher,rare,,YellowBee_1H_Sword
BT0_Jade_1H_Sword,Battle Blade of Sir Tristram,,https://openloot-metadata.bigtime.gg/BT0/Jade_1H_sword.png,3.5,3500,Tristram,uncommon,,Jade_1H_Sword
BT0_Chrome_1H_Sword,Battle Blade of Sir Uriens,,https://openloot-metadata.bigtime.gg/BT0/Chrome_1H_sword.png,5,3500,Uriens,uncommon,,Chrome_1H_Sword
BT0_Copper_2H_MageStaff,Battle Staff of Sir Alymere ,,https://openloot-metadata.bigtime.gg/BT0/Copper_2H_MageStaff.png,1.6,3500,Alymere,uncommon,,Copper_2H_MageStaff
BT0_OrangeDream_2H_MageStaff,Battle Staff of Sir Bedivere,,https://openloot-metadata.bigtime.gg/BT0/OrangeDream_2H_MageStaff.png,5.98,1000,Bedivere,rare,,OrangeDream_2H_MageStaff
BT0_CrimsonSand_2H_MageStaff,Battle Staff of Sir Bleoberis,,https://openloot-metadata.bigtime.gg/BT0/CrimsonSand_2H_MageStaff.png,1.44,3500,Beloberis,uncommon,,CrimsonSand_2H_MageStaff
BT0_Amethyst_2H_MageStaff,Battle Staff of Sir Bors,,https://openloot-metadata.bigtime.gg/BT0/Amethyst_2H_MageStaff.png,4.3,1000,Bors,rare,,Amethyst_2H_MageStaff
BT0_BlackRed_2H_MageStaff,Battle Staff of Sir Branor,,https://openloot-metadata.bigtime.gg/BT0/BlackRed_2H_MageStaff.png,9.69,3500,Branor,uncommon,,BlackRed_2H_MageStaff
BT0_Darkness_2H_MageStaff,Battle Staff of Sir Brunor,,https://openloot-metadata.bigtime.gg/BT0/Darkness_2H_MageStaff.png,650,100,Brunor,legendary,,Darkness_2H_MageStaff
BT0_CrystalBlue_2H_MageStaff,Battle Staff of Sir Cai,,https://openloot-metadata.bigtime.gg/BT0/CrystalBlue_2H_MageStaff.png,2,3500,Cai,uncommon,,CrystalBlue_2H_MageStaff
BT0_SuperPink_2H_MageStaff,Battle Staff of Sir Dagonet,,https://openloot-metadata.bigtime.gg/BT0/SuperPink_2H_MageStaff.png,20.49,350,Dagonet,epic,,SuperPink_2H_MageStaff
BT0_Poison_2H_MageStaff,Battle Staff of Sir Galahad,,https://openloot-metadata.bigtime.gg/BT0/Poison_2H_MageStaff.png,1.46,3500,Galahad,uncommon,,Poison_2H_MageStaff
BT0_Frost_2H_MageStaff,Battle Staff of Sir Gareth,,https://openloot-metadata.bigtime.gg/BT0/Frost_2H_MageStaff.png,1.6,3500,Gareth,uncommon,,Frost_2H_MageStaff
BT0_Paradox_2H_MageStaff,Battle Staff of Sir Gawain,,https://openloot-metadata.bigtime.gg/BT0/Paradox_2H_MageStaff.png,23,350,Gawain,epic,,Paradox_2H_MageStaff
BT0_IronBoy_2H_MageStaff,Battle Staff of Sir Gingalain,,https://openloot-metadata.bigtime.gg/BT0/IronBoy_2H_MageStaff.png,2.8,3500,Gingalain,uncommon,,IronBoy_2H_MageStaff
BT0_RedBerry_2H_MageStaff,Battle Staff of Sir Hector,,https://openloot-metadata.bigtime.gg/BT0/RedBerry_2H_MageStaff.png,1.2,3500,Hector,uncommon,,RedBerry_2H_MageStaff
BT0_Ember_2H_MageStaff,Battle Staff of Sir Lamorak,,https://openloot-metadata.bigtime.gg/BT0/Ember_2H_MageStaff.png,4.76,3500,Lamorak,uncommon,,Ember_2H_MageStaff
BT0_Lightning_2H_MageStaff,Battle Staff of Sir Lancelot,,https://openloot-metadata.bigtime.gg/BT0/Lightning_2H_MageStaff.png,23,350,Lancelot,epic,,Lightning_2H_MageStaff
BT0_Evermore_2H_MageStaff,Battle Staff of Sir Lionell,,https://openloot-metadata.bigtime.gg/BT0/Evermore_2H_MageStaff.png,1.35,3500,Lionell,uncommon,,Evermore_2H_MageStaff
BT0_OrangeCool_2H_MageStaff,Battle Staff of Sir Lucan,,https://openloot-metadata.bigtime.gg/BT0/OrangeCool_2H_MageStaff.png,1.35,3500,Lucan,uncommon,,OrangeCool_2H_MageStaff
BT0_Blast_2H_MageStaff,Battle Staff of Sir Palamedes,,https://openloot-metadata.bigtime.gg/BT0/Blast_2H_MageStaff.png,20.49,350,Palamedes,epic,,Blast_2H_MageStaff
BT0_Weaver_2H_MageStaff,Battle Staff of Sir Pellinore,,https://openloot-metadata.bigtime.gg/BT0/Weaver_2H_MageStaff.png,3.99,1000,Pellinore,rare,,Weaver_2H_MageStaff
BT0_Deco_Arthurian_Chest01,Arthurian Royal Footlocker,,https://openloot-metadata.bigtime.gg/BT0/Deco_Arthurian_Chest01.png,9,3500,Arthurian,uncommon,,Deco_Arthurian_Chest01
BT0_YellowBee_2H_MageStaff,Battle Staff of Sir Sapher,,https://openloot-metadata.bigtime.gg/BT0/YellowBee_2H_MageStaff.png,9.99,1000,Sapher,rare,,YellowBee_2H_MageStaff
BT0_Jade_2H_MageStaff,Battle Staff of Sir Tristram,,https://openloot-metadata.bigtime.gg/BT0/Jade_2H_MageStaff.png,4,3500,Tristram,uncommon,,Jade_2H_MageStaff
BT0_Chrome_2H_MageStaff,Battle Staff of Sir Uriens,,https://openloot-metadata.bigtime.gg/BT0/Chrome_2H_MageStaff.png,3.1,3500,Uriens,uncommon,,Chrome_2H_MageStaff
BT0_Emote_BodyBuilding,Body Building (Emote),,https://openloot-metadata.bigtime.gg/BT0/Emote_BodyBuilding.png,14.5,15000,Emote,common,,Emote_BodyBuilding
BT0_MysteryBox_BonusGift,Bonus Gift Mystery Box,,https://openloot-metadata.bigtime.gg/BT0/MysteryBox_BonusGift_MysteryBox01.png,3.95,114500,,rare,,MysteryBox_BonusGift
BT0_Emote_Breakdance,Breakdance (Emote),,https://openloot-metadata.bigtime.gg/BT0/Emote_Breakdance.png,18.7,15000,Emote,common,,Emote_Breakdance
BT0_Title_InsectoidSquasher,Bug Buster,,https://openloot-metadata.bigtime.gg/BT0/Title_InsectoidSquasher.png,1.57,3500,Standalone Titles,uncommon,,Title_InsectoidSquasher
BT0_Emote_Celebrate,Celebrate (Emote),,https://openloot-metadata.bigtime.gg/BT0/Emote_Celebrate.png,30,15000,Emote,common,,Emote_Celebrate
BT0_ChronoBarbarian_Title,Chrono Barbarian,,https://openloot-metadata.bigtime.gg/BT0/ChronoBarbarian_Title.png,25,3500,Chrono Barbarian,uncommon,,ChronoBarbarian_Title
BT0_ChronoBarbarian_Chest,Chrono Barbarian Chest,,https://openloot-metadata.bigtime.gg/BT0/ChronoBarbarian_Chest.png,18,3500,Chrono Barbarian,uncommon,,ChronoBarbarian_Chest
BT0_ChronoBarbarian_Gloves,Chrono Barbarian Gloves,,https://openloot-metadata.bigtime.gg/BT0/ChronoBarbarian_Gloves.png,28,3500,Chrono Barbarian,uncommon,,ChronoBarbarian_Gloves
BT0_ChronoBarbarian_Head,Chrono Barbarian Head,,https://openloot-metadata.bigtime.gg/BT0/ChronoBarbarian_Head.png,95,3500,Chrono Barbarian,uncommon,,ChronoBarbarian_Head
BT0_ChronoBarbarian_Legs,Chrono Barbarian Legs,,https://openloot-metadata.bigtime.gg/BT0/ChronoBarbarian_Legs.png,55,3500,Chrono Barbarian,uncommon,,ChronoBarbarian_Legs
BT0_ChronoBarbarian_Shoulders,Chrono Barbarian Shoulders,,https://openloot-metadata.bigtime.gg/BT0/ChronoBarbarian_Shoulders.png,50,3500,Chrono Barbarian,uncommon,,ChronoBarbarian_Shoulders
BT0_Title_Chronographer,Chronographer,,https://openloot-metadata.bigtime.gg/BT0/Title_Chronographer.png,3,3500,Standalone Titles,uncommon,,Title_Chronographer
BT0_Cold_Footstep_Decal,Cold Footstep Decal,,https://openloot-metadata.bigtime.gg/BT0/Cold_Footstep_Decal.png,11,6000,,uncommon,,Cold_Footstep_Decal
BT0_Cold_Footstep_VFX,Cold Footstep Particle,,https://openloot-metadata.bigtime.gg/BT0/Cold_Footstep_VFX.png,18.99,6000,,uncommon,,Cold_Footstep_VFX
BT0_Title_ContemplatorOfInfinity,Contemplator of Infinity (Title),,https://openloot-metadata.bigtime.gg/BT0/Title_ContemplatorOfInfinity.png,7.5,4500,Standalone Titles,rare,,Title_ContemplatorOfInfinity
BT0_Copper_1H_Dagger,Dagger of Sir Alymere ,,https://openloot-metadata.bigtime.gg/BT0/Copper_1H_Dagger.png,2,3500,Alymere,uncommon,,Copper_1H_Dagger
BT0_CrimsonSand_1H_Dagger,Dagger of Sir Bleoberis,,https://openloot-metadata.bigtime.gg/BT0/CrimsonSand_1H_Dagger.png,1.37,3500,Beloberis,uncommon,,CrimsonSand_1H_Dagger
BT0_Amethyst_1H_Dagger,Dagger of Sir Bors,,https://openloot-metadata.bigtime.gg/BT0/Amethyst_1H_Dagger.png,3.98,1000,Bors,rare,,Amethyst_1H_Dagger
BT0_BlackRed_1H_Dagger,Dagger of Sir Branor,,https://openloot-metadata.bigtime.gg/BT0/BlackRed_1H_Dagger.png,5,3500,Branor,uncommon,,BlackRed_1H_Dagger
BT0_FixerSingleEye_Chest,Apprentice Prototype Chest,,https://openloot-metadata.bigtime.gg/BT0/FixerSingleEye_Chest.png,25,1000,Apprentice Prototype,rare,,FixerSingleEye_Chest
BT0_CrystalBlue_1H_Dagger,Dagger of Sir Cai,,https://openloot-metadata.bigtime.gg/BT0/CrystalBlue_1H_Dagger.png,1.26,3500,Cai,uncommon,,CrystalBlue_1H_Dagger
BT0_SuperPink_1H_Dagger,Dagger of Sir Dagonet,,https://openloot-metadata.bigtime.gg/BT0/SuperPink_1H_Dagger.png,30,350,Dagonet,epic,,SuperPink_1H_Dagger
BT0_Poison_1H_Dagger,Dagger of Sir Galahad,,https://openloot-metadata.bigtime.gg/BT0/Poison_1H_Dagger.png,1.32,3500,Galahad,uncommon,,Poison_1H_Dagger
BT0_Frost_1H_Dagger,Dagger of Sir Gareth,,https://openloot-metadata.bigtime.gg/BT0/Frost_1H_Dagger.png,1.35,3500,Gareth,uncommon,,Frost_1H_Dagger
BT0_Paradox_1H_Dagger,Dagger of Sir Gawain,,https://openloot-metadata.bigtime.gg/BT0/Paradox_1H_Dagger.png,299,350,Gawain,epic,,Paradox_1H_Dagger
BT0_RedBerry_1H_Dagger,Dagger of Sir Hector,,https://openloot-metadata.bigtime.gg/BT0/RedBerry_1H_Dagger.png,1.49,3500,Hector,uncommon,,RedBerry_1H_Dagger
BT0_OrangeCool_1H_Dagger,Dagger of Sir Lucan,,https://openloot-metadata.bigtime.gg/BT0/OrangeCool_1H_Dagger.png,1.4,3500,Lucan,uncommon,,OrangeCool_1H_Dagger
BT0_Weaver_1H_Dagger,Dagger of Sir Pellinore,,https://openloot-metadata.bigtime.gg/BT0/Weaver_1H_Dagger.png,3.39,1000,Pellinore,rare,,Weaver_1H_Dagger
BT0_YellowBee_1H_Dagger,Dagger of Sir Sapher,,https://openloot-metadata.bigtime.gg/BT0/YellowBee_1H_Dagger.png,6.7,1000,Sapher,rare,,YellowBee_1H_Dagger
BT0_Jade_1H_Dagger,Dagger of Sir Tristram,,https://openloot-metadata.bigtime.gg/BT0/Jade_1H_Dagger.png,2.5,3500,Tristram,uncommon,,Jade_1H_Dagger
BT0_Chrome_1H_Dagger,Dagger of Sir Uriens,,https://openloot-metadata.bigtime.gg/BT0/Chrome_1H_Dagger.png,2.3,3500,Uriens,uncommon,,Chrome_1H_Dagger
BT0_Emote_Dance,Dance (Emote),,https://openloot-metadata.bigtime.gg/BT0/Emote_Dance.png,30,15000,Emote,common,,Emote_Dance
BT0_MysteryBox_DeluxeGift,Deluxe Gift Mystery Box,,https://openloot-metadata.bigtime.gg/BT0/MysteryBox_DeluxeGift_MysteryBox01.png,9.3,10000,,rare,,MysteryBox_DeluxeGift
BT0_RopeDemon_Title,Demon Hunter,,https://openloot-metadata.bigtime.gg/BT0/RopeDemon_Title.png,38.55,1000,Demon Hunter,rare,,RopeDemon_Title
BT0_RopeDemon_Chest,Demon Hunter Chest,,https://openloot-metadata.bigtime.gg/BT0/RopeDemon_Chest.png,31,1000,Demon Hunter,rare,,RopeDemon_Chest
BT0_RopeDemon_Gloves,Demon Hunter Gloves,,https://openloot-metadata.bigtime.gg/BT0/RopeDemon_Gloves.png,110,1000,Demon Hunter,rare,,RopeDemon_Gloves
BT0_RopeDemon_Head,Demon Hunter Head,,https://openloot-metadata.bigtime.gg/BT0/RopeDemon_Head.png,42,1000,Demon Hunter,rare,,RopeDemon_Head
BT0_RopeDemon_Legs,Demon Hunter Legs,,https://openloot-metadata.bigtime.gg/BT0/RopeDemon_Legs.png,79.88,1000,Demon Hunter,rare,,RopeDemon_Legs
BT0_Darkness_1H_Dagger,Dagger of Sir Brunor,,https://openloot-metadata.bigtime.gg/BT0/Darkness_1H_Dagger.png,399.99,100,Brunor,legendary,,Darkness_1H_Dagger
BT0_Emote_DrinkCoffee,Drink Coffee (Emote),,https://openloot-metadata.bigtime.gg/BT0/Emote_DrinkCoffee.png,9.88,6000,Emote,uncommon,,Emote_DrinkCoffee
BT0_Deco_Egyptian_PotionTable01,Egyptian Alchemist's Table,,https://openloot-metadata.bigtime.gg/BT0/Deco_Egyptian_PotionTable01.png,14.5,1000,Egyptian,rare,,Deco_Egyptian_PotionTable01
BT0_Deco_Egyptian_Sofa01,Egyptian Bench,,https://openloot-metadata.bigtime.gg/BT0/Deco_Egyptian_Sofa01.png,11,1000,Egyptian,rare,,Deco_Egyptian_Sofa01
BT0_Deco_Egyptian_Chair04,Egyptian Chess Chair,,https://openloot-metadata.bigtime.gg/BT0/Deco_Egyptian_Chair04.png,2.84,3500,Egyptian,uncommon,,Deco_Egyptian_Chair04
BT0_Deco_Egyptian_Bed06,Egyptian Day Bed,,https://openloot-metadata.bigtime.gg/BT0/Deco_Egyptian_Bed06.png,10.53,1000,Egyptian,rare,,Deco_Egyptian_Bed06
BT0_Deco_Egyptian_SmallTable01,Egyptian End Table,,https://openloot-metadata.bigtime.gg/BT0/Deco_Egyptian_SmallTable01.png,4.99,3500,Egyptian,uncommon,,Deco_Egyptian_SmallTable01
BT0_Deco_Egyptian_Chair05,Egyptian Fancy Chess Chair,,https://openloot-metadata.bigtime.gg/BT0/Deco_Egyptian_Chair05.png,24,350,Egyptian,epic,,Deco_Egyptian_Chair05
BT0_Deco_Egyptian_Firepit02,Egyptian Fancy Firepit,,https://openloot-metadata.bigtime.gg/BT0/Deco_Egyptian_Firepit02.png,42,350,Egyptian,epic,,Deco_Egyptian_Firepit02
BT0_Deco_Egyptian_Firepit01,Egyptian Firepit,,https://openloot-metadata.bigtime.gg/BT0/Deco_Egyptian_Firepit01.png,35,1000,Egyptian,rare,,Deco_Egyptian_Firepit01
BT0_Deco_Egyptian_Chest01,Egyptian Footlocker,,https://openloot-metadata.bigtime.gg/BT0/Deco_Egyptian_Chest01.png,10.6,3500,Egyptian,uncommon,,Deco_Egyptian_Chest01
BT0_Deco_Egyptian_Bed04,Egyptian Four Post Bed,,https://openloot-metadata.bigtime.gg/BT0/Deco_Egyptian_Bed04.png,22,1000,Egyptian,rare,,Deco_Egyptian_Bed04
BT0_Deco_Egyptian_Bed08,Egyptian Nefertiti Bed,,https://openloot-metadata.bigtime.gg/BT0/Deco_Egyptian_Bed08.png,35,350,Egyptian,epic,,Deco_Egyptian_Bed08
BT0_Deco_Egyptian_Bed05,Egyptian Royal Bed,,https://openloot-metadata.bigtime.gg/BT0/Deco_Egyptian_Bed05.png,60,350,Egyptian,epic,,Deco_Egyptian_Bed05
BT0_Deco_Egyptian_Bed03,Egyptian Shaded Bed,,https://openloot-metadata.bigtime.gg/BT0/Deco_Egyptian_Bed03.png,9,3500,Egyptian,uncommon,,Deco_Egyptian_Bed03
BT0_Deco_Egyptian_Bed01,Egyptian Simple Bed,,https://openloot-metadata.bigtime.gg/BT0/Deco_Egyptian_Bed01.png,16.99,3500,Egyptian,uncommon,,Deco_Egyptian_Bed01
BT0_Deco_Egyptian_Chair03,Egyptian Simple Chair,,https://openloot-metadata.bigtime.gg/BT0/Deco_Egyptian_Chair03.png,14.5,3500,Egyptian,uncommon,,Deco_Egyptian_Chair03
BT0_Deco_Egyptian_Bed07,Egyptian Sleigh Bed,,https://openloot-metadata.bigtime.gg/BT0/Deco_Egyptian_Bed07.png,30,350,Egyptian,epic,,Deco_Egyptian_Bed07
BT0_Deco_Egyptian_SpecimenTable01,Egyptian Specimen Table,,https://openloot-metadata.bigtime.gg/BT0/Deco_Egyptian_SpecimenTable01.png,10.5,1000,Egyptian,rare,,Deco_Egyptian_SpecimenTable01
BT0_Deco_Egyptian_Stool01,Egyptian Stool,,https://openloot-metadata.bigtime.gg/BT0/Deco_Egyptian_Stool01.png,3.7,3500,Egyptian,uncommon,,Deco_Egyptian_Stool01
BT0_Deco_Egyptian_Bed02,Egyptian Sturdy Bed,,https://openloot-metadata.bigtime.gg/BT0/Deco_Egyptian_Bed02.png,2.87,3500,Egyptian,uncommon,,Deco_Egyptian_Bed02
BT0_Deco_Egyptian_Desk01,Egyptian Table,,https://openloot-metadata.bigtime.gg/BT0/Deco_Egyptian_Desk01.png,20,1000,Egyptian,rare,,Deco_Egyptian_Desk01
BT0_Deco_Egyptian_DisplayCase01,Egyptian Trophy Case,,https://openloot-metadata.bigtime.gg/BT0/Deco_Egyptian_DisplayCase01.png,380,100,Egyptian,legendary,,Deco_Egyptian_DisplayCase01
BT0_Deco_Egyptian_Vase01,Egyptian Vessel,,https://openloot-metadata.bigtime.gg/BT0/Deco_Egyptian_Vase01.png,2.7,3500,Egyptian,uncommon,,Deco_Egyptian_Vase01
BT0_Deco_Egyptian_Table01,Egyptian Writing Table,,https://openloot-metadata.bigtime.gg/BT0/Deco_Egyptian_Table01.png,8.79,3500,Egyptian,uncommon,,Deco_Egyptian_Table01
BT0_Energy_Footstep_Decal,Energy Footstep Decal,,https://openloot-metadata.bigtime.gg/BT0/Energy_Footstep_Decal.png,18.5,6000,,uncommon,,Energy_Footstep_Decal
BT0_Energy_Footstep_VFX,Energy Footstep Particle,,https://openloot-metadata.bigtime.gg/BT0/Energy_Footstep_VFX.png,10,6000,,uncommon,,Energy_Footstep_VFX
BT0_space_epic_large_0,Epic Large SPACE,,https://openloot-metadata.bigtime.gg/BT0/space_epic_large_0.png,420,9000,,epic,,space_epic_large_0
BT0_space_epic_medium_0,Epic Medium SPACE,,https://openloot-metadata.bigtime.gg/BT0/space_epic_medium_0.png,144,63000,,epic,,space_epic_medium_0
BT0_space_epic_small_0,Epic Small SPACE,,https://openloot-metadata.bigtime.gg/BT0/space_epic_small_0.png,96,108000,,epic,,space_epic_small_0
BT0_Deco_Evermore_PotionTable01,Evermore Alchemist's Table,,https://openloot-metadata.bigtime.gg/BT0/Deco_Evermore_PotionTable01.png,65,350,Evermore,epic,,Deco_Evermore_PotionTable01
BT0_Deco_Evermore_Chair02,Evermore Armed Dinner Chair,,https://openloot-metadata.bigtime.gg/BT0/Deco_Evermore_Chair02.png,3.47,3500,Evermore,uncommon,,Deco_Evermore_Chair02
BT0_Deco_Evermore_Chair03,Evermore Articulating Chair,,https://openloot-metadata.bigtime.gg/BT0/Deco_Evermore_Chair03.png,19,1000,Evermore,rare,,Deco_Evermore_Chair03
BT0_FixerSingleEye_Head,Apprentice Prototype Head,,https://openloot-metadata.bigtime.gg/BT0/FixerSingleEye_Head.png,13,1000,Apprentice Prototype,rare,,FixerSingleEye_Head
BT0_Deco_Evermore_ColumnLIght01,Evermore Attached Light,,https://openloot-metadata.bigtime.gg/BT0/Deco_Evermore_ColumnLIght01.png,6.99,3500,Evermore,uncommon,,Deco_Evermore_ColumnLIght01
BT0_Deco_Evermore_Shelf01,Evermore Bookshelf,,https://openloot-metadata.bigtime.gg/BT0/Deco_Evermore_Shelf01.png,34,3500,Evermore,uncommon,,Deco_Evermore_Shelf01
BT0_Deco_Evermore_CoffeeTable01,Evermore Coffee Table,,https://openloot-metadata.bigtime.gg/BT0/Deco_Evermore_CoffeeTable01.png,9.98,3500,Evermore,uncommon,,Deco_Evermore_CoffeeTable01
BT0_Deco_Evermore_Chair01,Evermore Dinner Chair,,https://openloot-metadata.bigtime.gg/BT0/Deco_Evermore_Chair01.png,2.4,3500,Evermore,uncommon,,Deco_Evermore_Chair01
BT0_Deco_Evermore_DecoDinosaur01,Evermore Dinosaur Skeleton,,https://openloot-metadata.bigtime.gg/BT0/Deco_Evermore_DecoDinosaur01.png,695,100,Evermore,legendary,,Deco_Evermore_DecoDinosaur01
BT0_Deco_Evermore_DisplayCase01,Evermore Display Case,,https://openloot-metadata.bigtime.gg/BT0/Deco_Evermore_DisplayCase01.png,124.9,350,Evermore,epic,,Deco_Evermore_DisplayCase01
BT0_Deco_Evermore_Easel01,Evermore Easel,,https://openloot-metadata.bigtime.gg/BT0/Deco_Evermore_Easel01.png,29,1000,Evermore,rare,,Deco_Evermore_Easel01
BT0_Deco_Arthurian_PotionTable01,Arthurian Alchemist's Desk,,https://openloot-metadata.bigtime.gg/BT0/Deco_Arthurian_PotionTable01.png,14,1000,Arthurian,rare,,Deco_Arthurian_PotionTable01
BT0_Deco_Evermore_Table01,Evermore Game Table,,https://openloot-metadata.bigtime.gg/BT0/Deco_Evermore_Table01.png,7.9,3500,Evermore,uncommon,,Deco_Evermore_Table01
BT0_Deco_Evermore_Sofa01,Evermore Bench,,https://openloot-metadata.bigtime.gg/BT0/Deco_Evermore_Sofa01.png,18,3500,Evermore,uncommon,,Deco_Evermore_Sofa01
BT0_Deco_Evermore_Lamp01,Evermore Lamp,,https://openloot-metadata.bigtime.gg/BT0/Deco_Evermore_Lamp01.png,4.99,3500,Evermore,uncommon,,Deco_Evermore_Lamp01
BT0_Deco_Evermore_Terrarium01,Evermore Large Terrarium,,https://openloot-metadata.bigtime.gg/BT0/Deco_Evermore_Terrarium01.png,85,350,Evermore,epic,,Deco_Evermore_Terrarium01
BT0_Deco_Evermore_Bookshelf01,Evermore Library,,https://openloot-metadata.bigtime.gg/BT0/Deco_Evermore_Bookshelf01.png,213,350,Evermore,epic,,Deco_Evermore_Bookshelf01
BT0_Deco_Evermore_Chair05,Evermore Office Chair,,https://openloot-metadata.bigtime.gg/BT0/Deco_Evermore_Chair05.png,6.99,3500,Evermore,uncommon,,Deco_Evermore_Chair05
BT0_Deco_Evermore_Phonograph01,Evermore Phonograph,,https://openloot-metadata.bigtime.gg/BT0/Deco_Evermore_Phonograph01.png,13,1000,Evermore,rare,,Deco_Evermore_Phonograph01
BT0_RopeDemon_Shoulders,Demon Hunter Shoulders,,https://openloot-metadata.bigtime.gg/BT0/RopeDemon_Shoulders.png,27.5,1000,Demon Hunter,rare,,RopeDemon_Shoulders
BT0_Deco_Evermore_Terrarium02,Evermore Small Terrarium,,https://openloot-metadata.bigtime.gg/BT0/Deco_Evermore_Terrarium02.png,45,1000,Evermore,rare,,Deco_Evermore_Terrarium02
BT0_Deco_Evermore_DecoContainer01,Evermore Specimen Vessel,,https://openloot-metadata.bigtime.gg/BT0/Deco_Evermore_DecoContainer01.png,39,1000,Evermore,rare,,Deco_Evermore_DecoContainer01
BT0_Deco_Evermore_StandingLamp01,Evermore Standing Lamp,,https://openloot-metadata.bigtime.gg/BT0/Deco_Evermore_StandingLamp01.png,39.99,1000,Evermore,rare,,Deco_Evermore_StandingLamp01
BT0_Deco_Evermore_Bed01,Evermore Steampunk Bed,,https://openloot-metadata.bigtime.gg/BT0/Deco_Evermore_Bed01.png,74,1000,Evermore,rare,,Deco_Evermore_Bed01
BT0_Deco_Evermore_Stool01,Evermore Stool,,https://openloot-metadata.bigtime.gg/BT0/Deco_Evermore_Stool01.png,2.36,3500,Evermore,uncommon,,Deco_Evermore_Stool01
BT0_Deco_Evermore_Tusk01,Evermore Tusk Display,,https://openloot-metadata.bigtime.gg/BT0/Deco_Evermore_Tusk01.png,80,350,Evermore,epic,,Deco_Evermore_Tusk01
BT0_Deco_Evermore_WeaponRack01,Evermore Weapon Display Rack,,https://openloot-metadata.bigtime.gg/BT0/Deco_Evermore_WeaponRack01.png,200,350,Evermore,epic,,Deco_Evermore_WeaponRack01
BT0_Deco_Evermore_Chair04,Evermore Wheeled Chair,,https://openloot-metadata.bigtime.gg/BT0/Deco_Evermore_Chair04.png,12.5,1000,Evermore,rare,,Deco_Evermore_Chair04
BT0_Deco_Evermore_CraftTable01,Evermore Workbench,,https://openloot-metadata.bigtime.gg/BT0/Deco_Evermore_CraftTable01.png,98,350,Evermore,epic,,Deco_Evermore_CraftTable01
BT0_Deco_Evermore_Desk01,Evermore Writing Table,,https://openloot-metadata.bigtime.gg/BT0/Deco_Evermore_Desk01.png,19.99,3500,Evermore,uncommon,,Deco_Evermore_Desk01
BT0_space_exalted_large_0,Exalted Large SPACE,,https://openloot-metadata.bigtime.gg/BT0/space_exalted_large_0.png,2840,2400,,exalted,,space_exalted_large_0
BT0_space_exalted_medium_0,Exalted Medium SPACE,,https://openloot-metadata.bigtime.gg/BT0/space_exalted_medium_0.png,1300,3600,,exalted,,space_exalted_medium_0
BT0_space_exalted_small_0,Exalted Small SPACE,,https://openloot-metadata.bigtime.gg/BT0/space_exalted_small_0.png,692.88,6000,,exalted,,space_exalted_small_0
BT0_MysteryBox_Exclusive,Exclusive Mystery Box,,https://openloot-metadata.bigtime.gg/BT0/MysteryBox_Exclusive.png,15.8,2000,,rare,,MysteryBox_Exclusive
BT0_Explosive_Footstep_Decal,Explosive Footstep Decal,,https://openloot-metadata.bigtime.gg/BT0/Explosive_Footstep_Decal.png,10,6000,,uncommon,,Explosive_Footstep_Decal
BT0_Explosive_Footstep_VFX,Explosive Footstep Particle,,https://openloot-metadata.bigtime.gg/BT0/Explosive_Footstep_VFX.png,18,6000,,uncommon,,Explosive_Footstep_VFX
BT0_Blast_1H_Dagger,Favorite Dagger of Sir Palamedes,,https://openloot-metadata.bigtime.gg/BT0/Blast_1H_Dagger.png,21.26,350,Palamedes,epic,,Blast_1H_Dagger
BT0_FerriteMatrixProdigy_Title,Ferrite Matrix (Title),,https://openloot-metadata.bigtime.gg/BT0/FerriteMatrixProdigy_Title.png,32,1500,Ferrite Matrix,rare,,FerriteMatrixProdigy_Title
BT0_FerriteMatrixProdigy_Chest,Ferrite Matrix Chest,,https://openloot-metadata.bigtime.gg/BT0/FerriteMatrixProdigy_Chest.png,45,1500,Ferrite Matrix,rare,,FerriteMatrixProdigy_Chest
BT0_FerriteMatrixProdigy_Head,Ferrite Matrix Head,,https://openloot-metadata.bigtime.gg/BT0/FerriteMatrixProdigy_Head.png,99,1500,Ferrite Matrix,rare,,FerriteMatrixProdigy_Head
BT0_Deco_Arthurian_Bed01,Arthurian Fancy Bed,,https://openloot-metadata.bigtime.gg/BT0/Deco_Arthurian_Bed01.png,30,350,Arthurian,epic,,Deco_Arthurian_Bed01
BT0_FiveShadowWayfarer_Gloves,Fivefold Shadow Path Wayfarer Gloves,,https://openloot-metadata.bigtime.gg/BT0/FiveShadowWayfarer_Gloves.png,81,1500,Fivefold Shadow Path Wayfarer,rare,,FiveShadowWayfarer_Gloves
BT0_FiveShadowWayfarer_Legs,Fivefold Shadow Path Wayfarer Legs,,https://openloot-metadata.bigtime.gg/BT0/FiveShadowWayfarer_Legs.png,35,1500,Fivefold Shadow Path Wayfarer,rare,,FiveShadowWayfarer_Legs
BT0_Deco_Evermore_Hearth01,Evermore Hearth,,https://openloot-metadata.bigtime.gg/BT0/Deco_Evermore_Hearth01.png,35,1000,Evermore,rare,,Deco_Evermore_Hearth01
BT0_FiveShadowWayfarer_Shoulders,Fivefold Shadow Path Wayfarer Shoulders,,https://openloot-metadata.bigtime.gg/BT0/FiveShadowWayfarer_Shoulders.png,29,1500,Fivefold Shadow Path Wayfarer,rare,,FiveShadowWayfarer_Shoulders
BT0_FixerSingleEye_Title,Franklin's Apprentice,,https://openloot-metadata.bigtime.gg/BT0/FixerSingleEye_Title.png,8,1000,Apprentice Prototype,rare,,FixerSingleEye_Title
BT0_FixerWingedHelmet_Title,Franklin's Journeyman ,,https://openloot-metadata.bigtime.gg/BT0/FixerWingedHelmet_Title.png,55,350,Journeyman Prototype,epic,,FixerWingedHelmet_Title
BT0_gold_pass_0,Gold VIP Access Pass,,https://openloot-metadata.bigtime.gg/BT0/gold_pass_0.png,4500,100,,legendary,,gold_pass_0
BT0_MysteryBox_GrandGift,Grand Gift Mystery Box,,https://openloot-metadata.bigtime.gg/BT0/MysteryBox_GrandGift_MysteryBox01.png,89,3000,,rare,,MysteryBox_GrandGift
BT0_GrasslandMarauder_Title,Grassland Marauder (Title),,https://openloot-metadata.bigtime.gg/BT0/GrasslandMarauder_Title.png,80,1500,Grassland Marauder,rare,,GrasslandMarauder_Title
BT0_FiveShadowWayfarer_Chest,Fivefold Shadow Path Wayfarer Chest,,https://openloot-metadata.bigtime.gg/BT0/FiveShadowWayfarer_Chest.png,50,1500,Fivefold Shadow Path Wayfarer,rare,,FiveShadowWayfarer_Chest
BT0_GrasslandMarauder_Head,Grassland Marauder Head,,https://openloot-metadata.bigtime.gg/BT0/GrasslandMarauder_Head.png,65,1500,Grassland Marauder,rare,,GrasslandMarauder_Head
BT0_GrasslandMarauder_Shoulders,Grassland Marauder Shoulders,,https://openloot-metadata.bigtime.gg/BT0/GrasslandMarauder_Shoulders.png,55,1500,Grassland Marauder,rare,,GrasslandMarauder_Shoulders
BT0_Copper_2H_Sword,Great Sword of Sir Alymere ,,https://openloot-metadata.bigtime.gg/BT0/Copper_2H_sword.png,1.69,3500,Alymere,uncommon,,Copper_2H_Sword
BT0_MysteryBox_EarlyAccess_Forge,Forge Mystery Box,,https://openloot-metadata.bigtime.gg/BT0/MysteryBox_EarlyAccess_Forge.png,290,3500,,uncommon,,MysteryBox_EarlyAccess_Forge
BT0_CrimsonSand_2H_Sword,Great Sword of Sir Bleoberis,,https://openloot-metadata.bigtime.gg/BT0/CrimsonSand_2H_sword.png,3,3500,Beloberis,uncommon,,CrimsonSand_2H_Sword
BT0_Amethyst_2H_Sword,Great Sword of Sir Bors,,https://openloot-metadata.bigtime.gg/BT0/Amethyst_2H_sword.png,3.2,1000,Bors,rare,,Amethyst_2H_Sword
BT0_BlackRed_2H_Sword,Great Sword of Sir Branor,,https://openloot-metadata.bigtime.gg/BT0/BlackRed_2H_sword.png,8,3500,Branor,uncommon,,BlackRed_2H_Sword
BT0_Deco_Evermore_SpecimenTable01,Evermore Specimen Table,,https://openloot-metadata.bigtime.gg/BT0/Deco_Evermore_SpecimenTable01.png,19.5,1000,Evermore,rare,,Deco_Evermore_SpecimenTable01
BT0_CrystalBlue_2H_Sword,Great Sword of Sir Cai,,https://openloot-metadata.bigtime.gg/BT0/CrystalBlue_2H_sword.png,1.6,3500,Cai,uncommon,,CrystalBlue_2H_Sword
BT0_SuperPink_2H_Sword,Great Sword of Sir Dagonet,,https://openloot-metadata.bigtime.gg/BT0/SuperPink_2H_sword.png,42,350,Dagonet,epic,,SuperPink_2H_Sword
BT0_Poison_2H_Sword,Great Sword of Sir Galahad,,https://openloot-metadata.bigtime.gg/BT0/Poison_2H_sword.png,1.4,3500,Galahad,uncommon,,Poison_2H_Sword
BT0_Frost_2H_Sword,Great Sword of Sir Gareth,,https://openloot-metadata.bigtime.gg/BT0/Frost_2H_sword.png,1.5,3500,Gareth,uncommon,,Frost_2H_Sword
BT0_Paradox_2H_Sword,Great Sword of Sir Gawain,,https://openloot-metadata.bigtime.gg/BT0/Paradox_2H_sword.png,40,350,Gawain,epic,,Paradox_2H_Sword
BT0_IronBoy_2H_Sword,Great Sword of Sir Gingalain,,https://openloot-metadata.bigtime.gg/BT0/IronBoy_2H_sword.png,3.88,3500,Gingalain,uncommon,,IronBoy_2H_Sword
BT0_RedBerry_2H_Sword,Great Sword of Sir Hector,,https://openloot-metadata.bigtime.gg/BT0/RedBerry_2H_sword.png,1.69,3500,Hector,uncommon,,RedBerry_2H_Sword
BT0_Ember_2H_Sword,Great Sword of Sir Lamorak,,https://openloot-metadata.bigtime.gg/BT0/Ember_2H_sword.png,6.44,3500,Lamorak,uncommon,,Ember_2H_Sword
BT0_Lightning_2H_Sword,Great Sword of Sir Lancelot,,https://openloot-metadata.bigtime.gg/BT0/Lightning_2H_sword.png,45,350,Lancelot,epic,,Lightning_2H_Sword
BT0_Evermore_2H_Sword,Great Sword of Sir Lionell,,https://openloot-metadata.bigtime.gg/BT0/Evermore_2H_sword.png,1.7,3500,Lionell,uncommon,,Evermore_2H_Sword
BT0_OrangeCool_2H_Sword,Great Sword of Sir Lucan,,https://openloot-metadata.bigtime.gg/BT0/OrangeCool_2H_sword.png,1.4,3500,Lucan,uncommon,,OrangeCool_2H_Sword
BT0_Blast_2H_Sword,Great Sword of Sir Palamedes,,https://openloot-metadata.bigtime.gg/BT0/Blast_2H_sword.png,29.57,350,Palamedes,epic,,Blast_2H_Sword
BT0_Weaver_2H_Sword,Great Sword of Sir Pellinore,,https://openloot-metadata.bigtime.gg/BT0/Weaver_2H_sword.png,3.5,1000,Pellinore,rare,,Weaver_2H_Sword
BT0_GoldenGod_2H_Sword,Great Sword of Sir Percivale,,https://openloot-metadata.bigtime.gg/BT0/GoldenGod_2H_sword.png,29,1000,Percival,rare,,GoldenGod_2H_Sword
BT0_YellowBee_2H_Sword,Great Sword of Sir Sapher,,https://openloot-metadata.bigtime.gg/BT0/YellowBee_2H_sword.png,6,1000,Sapher,rare,,YellowBee_2H_Sword
BT0_Jade_2H_Sword,Great Sword of Sir Tristram,,https://openloot-metadata.bigtime.gg/BT0/Jade_2H_sword.png,6.15,3500,Tristram,uncommon,,Jade_2H_Sword
BT0_Chrome_2H_Sword,Great Sword of Sir Uriens,,https://openloot-metadata.bigtime.gg/BT0/Chrome_2H_sword.png,2.45,3500,Uriens,uncommon,,Chrome_2H_Sword
BT0_Title_GreenWithEnvy,Green With Envy,,https://openloot-metadata.bigtime.gg/BT0/Title_GreenWithEnvy.png,2.8,3500,Standalone Titles,uncommon,,Title_GreenWithEnvy
BT0_Emote_Handstand,Handstand (Emote),,https://openloot-metadata.bigtime.gg/BT0/Emote_Handstand.png,20,6000,Emote,uncommon,,Emote_Handstand
BT0_OrangeDream_1H_Dagger,Hatchet of Sir Bedivere,,https://openloot-metadata.bigtime.gg/BT0/OrangeDream_1H_Dagger.png,9.98,1000,Bedivere,rare,,OrangeDream_1H_Dagger
BT0_IronBoy_1H_Dagger,Hatchet of Sir Gingalain,,https://openloot-metadata.bigtime.gg/BT0/IronBoy_1H_Dagger.png,2.8,3500,Gingalain,uncommon,,IronBoy_1H_Dagger
BT0_Ember_1H_Dagger,Hatchet of Sir Lamorak,,https://openloot-metadata.bigtime.gg/BT0/Ember_1H_Dagger.png,4,3500,Lamorak,uncommon,,Ember_1H_Dagger
BT0_Lightning_1H_Dagger,Hatchet of Sir Lancelot,,https://openloot-metadata.bigtime.gg/BT0/Lightning_1H_Dagger.png,31,350,Lancelot,epic,,Lightning_1H_Dagger
BT0_Evermore_1H_Dagger,Hatchet of Sir Lionell,,https://openloot-metadata.bigtime.gg/BT0/Evermore_1H_Dagger.png,1.37,3500,Lionell,uncommon,,Evermore_1H_Dagger
BT0_GoldenGod_1H_Dagger,Hatchet of Sir Percivale,,https://openloot-metadata.bigtime.gg/BT0/GoldenGod_1H_Dagger.png,15,1000,Percival,rare,,GoldenGod_1H_Dagger
BT0_Title_HeartsEnvoy,Hearts' Envoy (Title),,https://openloot-metadata.bigtime.gg/BT0/Title_HeartsEnvoy.png,9.49,15000,Standalone Titles,common,,Title_HeartsEnvoy
BT0_MysteryBox_Holiday_MysteryBox01,Holiday Mystery Box,,https://openloot-metadata.bigtime.gg/BT0/MysteryBox_Holiday_MysteryBox01.png,59,6000,,rare,,MysteryBox_Holiday_MysteryBox01
BT0_Mob_Huntmaster_1H_Sword,Huntmaster Amethyst Shard,,https://openloot-metadata.bigtime.gg/BT0/Mob_Huntmaster_1H_Sword.png,211,500,Standalone Weapons,legendary,,Mob_Huntmaster_1H_Sword
BT0_Emote_IceCream,Ice Cream (Emote),,https://openloot-metadata.bigtime.gg/BT0/Emote_IceCream.png,5,15000,Emote,common,,Emote_IceCream
BT0_Title_IceScavenger,Ice Scavenger,,https://openloot-metadata.bigtime.gg/BT0/Title_IceScavenger.png,3.88,1000,Standalone Titles,rare,,Title_IceScavenger
BT0_Title_Indomitable,Indomitable,,https://openloot-metadata.bigtime.gg/BT0/Title_Indomitable.png,55,350,Standalone Titles,epic,,Title_Indomitable
BT0_jade_pass_0,Jade VIP Access Pass,,https://openloot-metadata.bigtime.gg/BT0/jade_pass_0.png,420,800,,rare,,jade_pass_0
BT0_FixerWingedHelmet_Chest,Journeyman Prototype Chest,,https://openloot-metadata.bigtime.gg/BT0/FixerWingedHelmet_Chest.png,219,350,Journeyman Prototype,epic,,FixerWingedHelmet_Chest
BT0_FixerWingedHelmet_Gloves,Journeyman Prototype Gloves,,https://openloot-metadata.bigtime.gg/BT0/FixerWingedHelmet_Gloves.png,46,350,Journeyman Prototype,epic,,FixerWingedHelmet_Gloves
BT0_FixerWingedHelmet_Head,Journeyman Prototype Head,,https://openloot-metadata.bigtime.gg/BT0/FixerWingedHelmet_Head.png,190,350,Journeyman Prototype,epic,,FixerWingedHelmet_Head
BT0_FixerWingedHelmet_Legs,Journeyman Prototype Legs,,https://openloot-metadata.bigtime.gg/BT0/FixerWingedHelmet_Legs.png,59,350,Journeyman Prototype,epic,,FixerWingedHelmet_Legs
BT0_FixerWingedHelmet_Shoulders,Journeyman Prototype Shoulders,,https://openloot-metadata.bigtime.gg/BT0/FixerWingedHelmet_Shoulders.png,59,350,Journeyman Prototype,epic,,FixerWingedHelmet_Shoulders
BT0_Emote_Juggling,Juggling (Emote),,https://openloot-metadata.bigtime.gg/BT0/Emote_Juggling.png,9.5,6000,Emote,uncommon,,Emote_Juggling
BT0_Emote_LaughingPointing,Laughing Pointing (Emote),,https://openloot-metadata.bigtime.gg/BT0/Emote_LaughingPointing.png,5.5,15000,Emote,common,,Emote_LaughingPointing
BT0_Lava_Footstep_Decal,Lava Footstep Decal,,https://openloot-metadata.bigtime.gg/BT0/Lava_Footstep_Decal.png,81.99,2400,,epic,,Lava_Footstep_Decal
BT0_Lava_Footstep_VFX,Lava Footstep Particle,,https://openloot-metadata.bigtime.gg/BT0/Lava_Footstep_VFX.png,79,2400,,epic,,Lava_Footstep_VFX
BT0_space_legendary_large_0,Legendary Large SPACE,,https://openloot-metadata.bigtime.gg/BT0/space_legendary_large_0.png,495,12000,,legendary,,space_legendary_large_0
BT0_space_legendary_medium_0,Legendary Medium SPACE,,https://openloot-metadata.bigtime.gg/BT0/space_legendary_medium_0.png,188,36000,,legendary,,space_legendary_medium_0
BT0_space_legendary_small_0,Legendary Small SPACE,,https://openloot-metadata.bigtime.gg/BT0/space_legendary_small_0.png,117,72000,,legendary,,space_legendary_small_0
BT0_Title_LipsLikeRubies,Lips Like Rubies,,https://openloot-metadata.bigtime.gg/BT0/Title_LipsLikeRubies.png,2,3500,Standalone Titles,uncommon,,Title_LipsLikeRubies
BT0_LodestarTroveSentinel_Gloves,Lodestar Trove Sentinel Gloves,,https://openloot-metadata.bigtime.gg/BT0/LodestarTroveSentinel_Gloves.png,45,800,Lodestar Trove Sentinel,epic,,LodestarTroveSentinel_Gloves
BT0_LodestarTroveSentinel_Head,Lodestar Trove Sentinel Head,,https://openloot-metadata.bigtime.gg/BT0/LodestarTroveSentinel_Head.png,195,800,Lodestar Trove Sentinel,epic,,LodestarTroveSentinel_Head
BT0_LodestarTroveSentinel_Legs,Lodestar Trove Sentinel Legs,,https://openloot-metadata.bigtime.gg/BT0/LodestarTroveSentinel_Legs.png,116,800,Lodestar Trove Sentinel,epic,,LodestarTroveSentinel_Legs
BT0_LodestarTroveSentinel_Shoulders,Lodestar Trove Sentinel Shoulders,,https://openloot-metadata.bigtime.gg/BT0/LodestarTroveSentinel_Shoulders.png,300,800,Lodestar Trove Sentinel,epic,,LodestarTroveSentinel_Shoulders
BT0_Emote_Meditation,Meditation (Emote),,https://openloot-metadata.bigtime.gg/BT0/Emote_Meditation.png,11.99,6000,Emote,uncommon,,Emote_Meditation
BT0_Emote_MimeInABox,Mime in a Box (Emote),,https://openloot-metadata.bigtime.gg/BT0/Emote_MimeInABox.png,11.85,4500,Emote,rare,,Emote_MimeInABox
BT0_Emote_MixingPotions,Mixing Potions (Emote),,https://openloot-metadata.bigtime.gg/BT0/Emote_MixingPotions.png,6,15000,Emote,common,,Emote_MixingPotions
BT0_space_mythic_large_0,Mythic Large SPACE,,https://openloot-metadata.bigtime.gg/BT0/space_mythic_large_0.png,1050,4800,,mythic,,space_mythic_large_0
BT0_space_mythic_medium_0,Mythic Medium SPACE,,https://openloot-metadata.bigtime.gg/BT0/space_mythic_medium_0.png,315,16800,,mythic,,space_mythic_medium_0
BT0_space_mythic_small_0,Mythic Small SPACE,,https://openloot-metadata.bigtime.gg/BT0/space_mythic_small_0.png,191,26400,,mythic,,space_mythic_small_0
BT0_Title_PaceSetter,Pace Setter,,https://openloot-metadata.bigtime.gg/BT0/Title_PaceSetter.png,4.97,1000,Standalone Titles,rare,,Title_PaceSetter
BT0_Emote_PackGunpowder,Pack Gunpowder (Emote),,https://openloot-metadata.bigtime.gg/BT0/Emote_PackGunpowder.png,9.8,15000,Emote,common,,Emote_PackGunpowder
BT0_Emote_PlayingInstrument,Playing Instrument (Emote),,https://openloot-metadata.bigtime.gg/BT0/Emote_PlayingInstrument.png,7.21,6000,Emote,uncommon,,Emote_PlayingInstrument
BT0_Emote_PracticeSword,Practice Sword (Emote),,https://openloot-metadata.bigtime.gg/BT0/Emote_PracticeSword.png,7,15000,Emote,common,,Emote_PracticeSword
BT0_Emote_PushUps,Push Ups (Emote),,https://openloot-metadata.bigtime.gg/BT0/Emote_PushUps.png,28,15000,Emote,common,,Emote_PushUps
BT0_space_rare_large_0,Rare Large SPACE,,https://openloot-metadata.bigtime.gg/BT0/space_rare_large_0.png,370,7200,,rare,,space_rare_large_0
BT0_space_rare_medium_0,Rare Medium SPACE,,https://openloot-metadata.bigtime.gg/BT0/space_rare_medium_0.png,124,64800,,rare,,space_rare_medium_0
BT0_space_rare_small_0,Rare Small SPACE,,https://openloot-metadata.bigtime.gg/BT0/space_rare_small_0.png,89.9,168000,,rare,,space_rare_small_0
BT0_Title_RecluseOfTimesEnd,Recluse of Time's End (Title),,https://openloot-metadata.bigtime.gg/BT0/Title_RecluseOfTimesEnd.png,104.5,1500,Standalone Titles,legendary,,Title_RecluseOfTimesEnd
BT0_Emote_RollDice,Roll Dice (Emote),,https://openloot-metadata.bigtime.gg/BT0/Emote_RollDice.png,9,4500,Emote,rare,,Emote_RollDice
BT0_SubZero_Title,Shinobu Acolyte,,https://openloot-metadata.bigtime.gg/BT0/SubZero_Title.png,2.49,3500,Shinobu Acolyte,uncommon,,SubZero_Title
BT0_SubZero_Chest,Shinobu Acolyte Chest,,https://openloot-metadata.bigtime.gg/BT0/SubZero_Chest.png,25,3500,Shinobu Acolyte,uncommon,,SubZero_Chest
BT0_SubZero_Gloves,Shinobu Acolyte Gloves,,https://openloot-metadata.bigtime.gg/BT0/SubZero_Gloves.png,14.95,3500,Shinobu Acolyte,uncommon,,SubZero_Gloves
BT0_SubZero_Head,Shinobu Acolyte Head,,https://openloot-metadata.bigtime.gg/BT0/SubZero_Head.png,14.83,3500,Shinobu Acolyte,uncommon,,SubZero_Head
BT0_SubZero_Legs,Shinobu Acolyte Legs,,https://openloot-metadata.bigtime.gg/BT0/SubZero_Legs.png,11,3500,Shinobu Acolyte,uncommon,,SubZero_Legs
BT0_SubZero_Shoulders,Shinobu Acolyte Shoulders,,https://openloot-metadata.bigtime.gg/BT0/SubZero_Shoulders.png,9.45,3500,Shinobu Acolyte,uncommon,,SubZero_Shoulders
BT0_silver_pass_0,Silver VIP Access Pass,,https://openloot-metadata.bigtime.gg/BT0/silver_pass_0.png,600,300,,epic,,silver_pass_0
BT0_Emote_SippingTea,Sipping Tea (Emote),,https://openloot-metadata.bigtime.gg/BT0/Emote_SippingTea.png,10,4500,Emote,rare,,Emote_SippingTea
BT0_MysteryBox_SpringFestival_Box01,Spring Festival Mystery Box,,https://openloot-metadata.bigtime.gg/BT0/MysteryBox_SpringFestival_Box01.png,49.9,8250,,rare,,MysteryBox_SpringFestival_Box01
BT0_SteppesBarbarian_Title,Steppe Walker,,https://openloot-metadata.bigtime.gg/BT0/SteppesBarbarian_Title.png,837,100,Steppe Walker,legendary,,SteppesBarbarian_Title
BT0_SteppesBarbarian_Chest,Steppe Walker Chest,,https://openloot-metadata.bigtime.gg/BT0/SteppesBarbarian_Chest.png,729,100,Steppe Walker,legendary,,SteppesBarbarian_Chest
BT0_SteppesBarbarian_Gloves,Steppe Walker Gloves,,https://openloot-metadata.bigtime.gg/BT0/SteppesBarbarian_Gloves.png,578,100,Steppe Walker,legendary,,SteppesBarbarian_Gloves
BT0_SteppesBarbarian_Head,Steppe Walker Head,,https://openloot-metadata.bigtime.gg/BT0/SteppesBarbarian_Head.png,710,100,Steppe Walker,legendary,,SteppesBarbarian_Head
BT0_SteppesBarbarian_Legs,Steppe Walker Legs,,https://openloot-metadata.bigtime.gg/BT0/SteppesBarbarian_Legs.png,700,100,Steppe Walker,legendary,,SteppesBarbarian_Legs
BT0_SteppesBarbarian_Shoulders,Steppe Walker Shoulders,,https://openloot-metadata.bigtime.gg/BT0/SteppesBarbarian_Shoulders.png,598,100,Steppe Walker,legendary,,SteppesBarbarian_Shoulders
BT0_StygianMenace_Chest,Stygian Menace Chest,,https://openloot-metadata.bigtime.gg/BT0/StygianMenace_Chest.png,1500,200,Stygian Menace,mythic,,StygianMenace_Chest
BT0_StygianMenace_Head,Stygian Menace Head,,https://openloot-metadata.bigtime.gg/BT0/StygianMenace_Head.png,1800,200,Stygian Menace,mythic,,StygianMenace_Head
BT0_Chrome_Title,The Angry Knight,,https://openloot-metadata.bigtime.gg/BT0/Chrome_Title.png,1.8,3500,Uriens,uncommon,,Chrome_Title
BT0_Frost_Title,The Avenging Knight,,https://openloot-metadata.bigtime.gg/BT0/Frost_Title.png,1.25,3500,Gareth,uncommon,,Frost_Title
BT0_Evermore_Title,The Banished Knight,,https://openloot-metadata.bigtime.gg/BT0/Evermore_Title.png,1.1,3500,Lionell,uncommon,,Evermore_Title
BT0_Darkness_Title,The Black Knight,,https://openloot-metadata.bigtime.gg/BT0/Darkness_Title.png,750,100,Brunor,legendary,,Darkness_Title
BT0_Title_TheBloomBrigadeer,The Bloom Brigadeer (Title),,https://openloot-metadata.bigtime.gg/BT0/Title_TheBloomBrigadeer.png,3.5,4500,Standalone Titles,rare,,Title_TheBloomBrigadeer
BT0_CrimsonSand_Title,The Brave Knight,,https://openloot-metadata.bigtime.gg/BT0/CrimsonSand_Title.png,1.1,3500,Beloberis,uncommon,,CrimsonSand_Title
BT0_Title_TheCactusCommander,The Cactus Commander (Title),,https://openloot-metadata.bigtime.gg/BT0/Title_TheCactusCommander.png,10,4500,Standalone Titles,rare,,Title_TheCactusCommander
BT0_YellowBee_Title,The Crafty Knight,,https://openloot-metadata.bigtime.gg/BT0/YellowBee_Title.png,2.98,1000,Sapher,rare,,YellowBee_Title
BT0_BlackRed_Title,The Dragon Knight,,https://openloot-metadata.bigtime.gg/BT0/BlackRed_Title.png,6.48,3500,Branor,uncommon,,BlackRed_Title
BT0_IronBoy_Title,The Fair Unknown Knight,,https://openloot-metadata.bigtime.gg/BT0/IronBoy_Title.png,2,3500,Gingalain,uncommon,,IronBoy_Title
BT0_Ember_Title,The Fiery Knight,,https://openloot-metadata.bigtime.gg/BT0/Ember_Title.png,3,3500,Lamorak,uncommon,,Ember_Title
BT0_FixerSingleEye_Gloves,Apprentice Prototype Gloves,,https://openloot-metadata.bigtime.gg/BT0/FixerSingleEye_Gloves.png,45,1000,Apprentice Prototype,rare,,FixerSingleEye_Gloves
BT0_Weaver_Title,The Gentle Knight,,https://openloot-metadata.bigtime.gg/BT0/Weaver_Title.png,3.08,1000,Pellinore,rare,,Weaver_Title
BT0_OrangeDream_Title,The Handsome Knight,,https://openloot-metadata.bigtime.gg/BT0/OrangeDream_Title.png,5.4,1000,Bedivere,rare,,OrangeDream_Title
BT0_SuperPink_Title,The Laughing Knight,,https://openloot-metadata.bigtime.gg/BT0/SuperPink_Title.png,23,350,Dagonet,epic,,SuperPink_Title
BT0_RedBerry_Title,The Lonely Knight,,https://openloot-metadata.bigtime.gg/BT0/RedBerry_Title.png,1.19,3500,Hector,uncommon,,RedBerry_Title
BT0_OrangeCool_Title,The Loyal Knight,,https://openloot-metadata.bigtime.gg/BT0/OrangeCool_Title.png,1.14,3500,Lucan,uncommon,,OrangeCool_Title
BT0_GoldenGod_Title,The Lucky Knight,,https://openloot-metadata.bigtime.gg/BT0/GoldenGod_Title.png,7.5,1000,Percival,rare,,GoldenGod_Title
BT0_Paradox_Title,The Maidens' Knight,,https://openloot-metadata.bigtime.gg/BT0/Paradox_Title.png,28,350,Gawain,epic,,Paradox_Title
BT0_Title_TheMirageMaker,The Mirage Maker (Title),,https://openloot-metadata.bigtime.gg/BT0/Title_TheMirageMaker.png,300,6000,Standalone Titles,uncommon,,Title_TheMirageMaker
BT0_Copper_Title,The Mysterious Knight,,https://openloot-metadata.bigtime.gg/BT0/Copper_Title.png,1.4,3500,Alymere,uncommon,,Copper_Title
BT0_Title_TheParadoxTempest,The Paradox Tempest (Title),,https://openloot-metadata.bigtime.gg/BT0/Title_TheParadoxTempest.png,3.3,6000,Standalone Titles,uncommon,,Title_TheParadoxTempest
BT0_Lightning_Title,The Proud Knight,,https://openloot-metadata.bigtime.gg/BT0/Lightning_Title.png,23.94,350,Lancelot,epic,,Lightning_Title
BT0_Title_TheRealityRifter,The Reality Rifter (Title),,https://openloot-metadata.bigtime.gg/BT0/Title_TheRealityRifter.png,20,4500,Standalone Titles,rare,,Title_TheRealityRifter
BT0_CrystalBlue_Title,The Rude Knight,,https://openloot-metadata.bigtime.gg/BT0/CrystalBlue_Title.png,1.15,3500,Cai,uncommon,,CrystalBlue_Title
BT0_Jade_Title,The Sad Knight,,https://openloot-metadata.bigtime.gg/BT0/Jade_Title.png,2.35,3500,Tristram,uncommon,,Jade_Title
BT0_Blast_Title,The Saracen Knight,,https://openloot-metadata.bigtime.gg/BT0/Blast_Title.png,22.99,350,Palamedes,epic,,Blast_Title
BT0_Title_TheShamrockSentinel,The Shamrock Sentinel (Title),,https://openloot-metadata.bigtime.gg/BT0/Title_TheShamrockSentinel.png,15,6000,Standalone Titles,uncommon,,Title_TheShamrockSentinel
BT0_Title_TheSylvanSavage,The Sylvan Savage (Title),,https://openloot-metadata.bigtime.gg/BT0/Title_TheSylvanSavage.png,9.88,6000,Standalone Titles,uncommon,,Title_TheSylvanSavage
BT0_Title_TheVernalValkyrie,The Vernal Valkyrie (Title),,https://openloot-metadata.bigtime.gg/BT0/Title_TheVernalValkyrie.png,1.5,6000,Standalone Titles,uncommon,,Title_TheVernalValkyrie
BT0_Amethyst_Title,The Virtuous Knight,,https://openloot-metadata.bigtime.gg/BT0/Amethyst_Title.png,2.7,1000,Bors,rare,,Amethyst_Title
BT0_Title_TimeTearer,Time Tearer,,https://openloot-metadata.bigtime.gg/BT0/Title_TimeTearer.png,3,3500,Standalone Titles,uncommon,,Title_TimeTearer
BT0_Title_TimeTraveler,Time Traveler,,https://openloot-metadata.bigtime.gg/BT0/Title_TimeTraveler.png,2.9,3500,Standalone Titles,uncommon,,Title_TimeTraveler
BT0_MysteryBox_TimeWardenGift,Time Warden Gift Mystery Box,,https://openloot-metadata.bigtime.gg/BT0/MysteryBox_TimeWardenGift_MysteryBox01.png,14.5,25500,,rare,,MysteryBox_TimeWardenGift
BT0_MysteryBox_EarlyAccess_TimeWarden,Time Warden Mystery Box,,https://openloot-metadata.bigtime.gg/BT0/MysteryBox_EarlyAccess_TimeWarden.png,1800,3500,,uncommon,,MysteryBox_EarlyAccess_TimeWarden
BT0_Emote_TipToe,Tip-Toe (Emote),,https://openloot-metadata.bigtime.gg/BT0/Emote_TipToe.png,10,15000,Emote,common,,Emote_TipToe
BT0_Blast_1H_Dagger_Triangle,Trusted Dagger of Sir Palamedes,,https://openloot-metadata.bigtime.gg/BT0/Blast_1H_Dagger_Triangle.png,28.42,350,Palamedes,epic,,Blast_1H_Dagger_Triangle
BT0_Void_Footstep_Decal,Void Footstep Decal,,https://openloot-metadata.bigtime.gg/BT0/Void_Footstep_Decal.png,28.5,4500,,rare,,Void_Footstep_Decal
BT0_Void_Footstep_VFX,Void Footstep Particle,,https://openloot-metadata.bigtime.gg/BT0/Void_Footstep_VFX.png,35,4500,,rare,,Void_Footstep_VFX
BT0_Mob_VoidMind_1H_Sword,Void Mind Crystalline Blade,,https://openloot-metadata.bigtime.gg/BT0/Mob_VoidMind_1H_Sword.png,200,500,Standalone Weapons,legendary,,Mob_VoidMind_1H_Sword
BT0_Copper_2H_Hammer,War Hammer of Sir Alymere ,,https://openloot-metadata.bigtime.gg/BT0/Copper_2H_Hammer.png,1.95,3500,Alymere,uncommon,,Copper_2H_Hammer
BT0_Title_AllThatGlitters,All That Glitters,,https://openloot-metadata.bigtime.gg/BT0/Title_AllThatGlitters.png,42,1000,Standalone Titles,rare,,Title_AllThatGlitters
BT0_OrangeDream_2H_Hammer,War Hammer of Sir Bedivere,,https://openloot-metadata.bigtime.gg/BT0/OrangeDream_2H_Hammer.png,4.5,1000,Bedivere,rare,,OrangeDream_2H_Hammer
BT0_Amethyst_2H_Hammer,War Hammer of Sir Bors,,https://openloot-metadata.bigtime.gg/BT0/Amethyst_2H_Hammer.png,3.7,1000,Bors,rare,,Amethyst_2H_Hammer
BT0_BlackRed_2H_Hammer,War Hammer of Sir Branor,,https://openloot-metadata.bigtime.gg/BT0/BlackRed_2H_Hammer.png,6.97,3500,Branor,uncommon,,BlackRed_2H_Hammer
BT0_Darkness_2H_Hammer,War Hammer of Sir Brunor,,https://openloot-metadata.bigtime.gg/BT0/Darkness_2H_Hammer.png,697,100,Brunor,legendary,,Darkness_2H_Hammer
BT0_CrystalBlue_2H_Hammer,War Hammer of Sir Cai,,https://openloot-metadata.bigtime.gg/BT0/CrystalBlue_2H_Hammer.png,1.8,3500,Cai,uncommon,,CrystalBlue_2H_Hammer
BT0_SuperPink_2H_Hammer,War Hammer of Sir Dagonet,,https://openloot-metadata.bigtime.gg/BT0/SuperPink_2H_Hammer.png,22,350,Dagonet,epic,,SuperPink_2H_Hammer
BT0_Poison_2H_Hammer,War Hammer of Sir Galahad,,https://openloot-metadata.bigtime.gg/BT0/Poison_2H_Hammer.png,1.48,3500,Galahad,uncommon,,Poison_2H_Hammer
BT0_Frost_2H_Hammer,War Hammer of Sir Gareth,,https://openloot-metadata.bigtime.gg/BT0/Frost_2H_Hammer.png,1.89,3500,Gareth,uncommon,,Frost_2H_Hammer
BT0_Paradox_2H_Hammer,War Hammer of Sir Gawain,,https://openloot-metadata.bigtime.gg/BT0/Paradox_2H_Hammer.png,88,350,Gawain,epic,,Paradox_2H_Hammer
BT0_IronBoy_2H_Hammer,War Hammer of Sir Gingalain,,https://openloot-metadata.bigtime.gg/BT0/IronBoy_2H_Hammer.png,4,3500,Gingalain,uncommon,,IronBoy_2H_Hammer
BT0_RedBerry_2H_Hammer,War Hammer of Sir Hector,,https://openloot-metadata.bigtime.gg/BT0/RedBerry_2H_Hammer.png,1.85,3500,Hector,uncommon,,RedBerry_2H_Hammer
BT0_Ember_2H_Hammer,War Hammer of Sir Lamorak,,https://openloot-metadata.bigtime.gg/BT0/Ember_2H_Hammer.png,4,3500,Lamorak,uncommon,,Ember_2H_Hammer
BT0_Lightning_2H_Hammer,War Hammer of Sir Lancelot,,https://openloot-metadata.bigtime.gg/BT0/Lightning_2H_Hammer.png,40,350,Lancelot,epic,,Lightning_2H_Hammer
BT0_Evermore_2H_Hammer,War Hammer of Sir Lionell,,https://openloot-metadata.bigtime.gg/BT0/Evermore_2H_Hammer.png,2.5,3500,Lionell,uncommon,,Evermore_2H_Hammer
BT0_OrangeCool_2H_Hammer,War Hammer of Sir Lucan,,https://openloot-metadata.bigtime.gg/BT0/OrangeCool_2H_Hammer.png,1.49,3500,Lucan,uncommon,,OrangeCool_2H_Hammer
BT0_Blast_2H_Hammer,War Hammer of Sir Palamedes,,https://openloot-metadata.bigtime.gg/BT0/Blast_2H_Hammer.png,23,350,Palamedes,epic,,Blast_2H_Hammer
BT0_Weaver_2H_Hammer,War Hammer of Sir Pellinore,,https://openloot-metadata.bigtime.gg/BT0/Weaver_2H_Hammer.png,4.7,1000,Pellinore,rare,,Weaver_2H_Hammer
BT0_GoldenGod_2H_Hammer,War Hammer of Sir Percivale,,https://openloot-metadata.bigtime.gg/BT0/GoldenGod_2H_Hammer.png,15,1000,Percival,rare,,GoldenGod_2H_Hammer
BT0_YellowBee_2H_Hammer,War Hammer of Sir Sapher,,https://openloot-metadata.bigtime.gg/BT0/YellowBee_2H_Hammer.png,4.5,1000,Sapher,rare,,YellowBee_2H_Hammer
BT0_Jade_2H_Hammer,War Hammer of Sir Tristram,,https://openloot-metadata.bigtime.gg/BT0/Jade_2H_Hammer.png,3.5,3500,Tristram,uncommon,,Jade_2H_Hammer
BT0_Chrome_2H_Hammer,War Hammer of Sir Uriens,,https://openloot-metadata.bigtime.gg/BT0/Chrome_2H_Hammer.png,4.46,3500,Uriens,uncommon,,Chrome_2H_Hammer
BT0_ApprenticeRobes_Title,Xolodorian Adept,,https://openloot-metadata.bigtime.gg/BT0/ApprenticeRobes_Title.png,2.87,3500,Xolodorian Adept,uncommon,,ApprenticeRobes_Title
BT0_ApprenticeRobes_Chest,Xolodorian Adept Chest,,https://openloot-metadata.bigtime.gg/BT0/ApprenticeRobes_Chest.png,26.87,3500,Xolodorian Adept,uncommon,,ApprenticeRobes_Chest
BT0_Poison_Title,The Galant Knight,,https://openloot-metadata.bigtime.gg/BT0/Poison_Title.png,1.1,3500,Galahad,uncommon,,Poison_Title
BT0_ApprenticeRobes_Head,Xolodorian Adept Head,,https://openloot-metadata.bigtime.gg/BT0/ApprenticeRobes_Head.png,20.65,3500,Xolodorian Adept,uncommon,,ApprenticeRobes_Head
BT0_ApprenticeRobes_Legs,Xolodorian Adept Legs,,https://openloot-metadata.bigtime.gg/BT0/ApprenticeRobes_Legs.png,10,3500,Xolodorian Adept,uncommon,,ApprenticeRobes_Legs
BT0_ApprenticeRobes_Shoulders,Xolodorian Adept Shoulders,,https://openloot-metadata.bigtime.gg/BT0/ApprenticeRobes_Shoulders.png,20,3500,Xolodorian Adept,uncommon,,ApprenticeRobes_Shoulders
BT0_GreenGemSeeingEyeRobes_Title,Xolodorian Zealot,,https://openloot-metadata.bigtime.gg/BT0/GreenGemSeeingEyeRobes_Title.png,35,350,Xolodorian Zealot,epic,,GreenGemSeeingEyeRobes_Title
BT0_GreenGemSeeingEyeRobes_Chest,Xolodorian Zealot Chest,,https://openloot-metadata.bigtime.gg/BT0/GreenGemSeeingEyeRobes_Chest.png,190,350,Xolodorian Zealot,epic,,GreenGemSeeingEyeRobes_Chest
BT0_GreenGemSeeingEyeRobes_Gloves,Xolodorian Zealot Gloves,,https://openloot-metadata.bigtime.gg/BT0/GreenGemSeeingEyeRobes_Gloves.png,45,350,Xolodorian Zealot,epic,,GreenGemSeeingEyeRobes_Gloves
BT0_GreenGemSeeingEyeRobes_Head,Xolodorian Zealot Head,,https://openloot-metadata.bigtime.gg/BT0/GreenGemSeeingEyeRobes_Head.png,129,350,Xolodorian Zealot,epic,,GreenGemSeeingEyeRobes_Head
BT0_GreenGemSeeingEyeRobes_Legs,Xolodorian Zealot Legs,,https://openloot-metadata.bigtime.gg/BT0/GreenGemSeeingEyeRobes_Legs.png,95,350,Xolodorian Zealot,epic,,GreenGemSeeingEyeRobes_Legs
BT0_GreenGemSeeingEyeRobes_Shoulders,Xolodorian Zealot Shoulders,,https://openloot-metadata.bigtime.gg/BT0/GreenGemSeeingEyeRobes_Shoulders.png,69,350,Xolodorian Zealot,epic,,GreenGemSeeingEyeRobes_Shoulders
BT0_ApprenticeRobes_Gloves,Xolodorian Adept Gloves,,https://openloot-metadata.bigtime.gg/BT0/ApprenticeRobes_Gloves.png,10,3500,Xolodorian Adept,uncommon,,ApprenticeRobes_Gloves
BT0_Darkness_2H_Sword,Great Sword of Sir Brunor,,https://openloot-metadata.bigtime.gg/BT0/Darkness_2H_sword.png,666.66,100,Brunor,legendary,,Darkness_2H_Sword
BT0_CrimsonSand_2H_Hammer,War Hammer of Sir Bleoberis,,https://openloot-metadata.bigtime.gg/BT0/CrimsonSand_2H_Hammer.png,2.89,3500,Beloberis,uncommon,,CrimsonSand_2H_Hammer
BT0_Amethyst_2H_Axe,Battle Axe of Sir Bors,,https://openloot-metadata.bigtime.gg/BT0/Amethyst_2H_Axe.png,3.8,1000,Bors,rare,,Amethyst_2H_Axe
BT0_GoldenGod_2H_MageStaff,Battle Staff of Sir Percivale,,https://openloot-metadata.bigtime.gg/BT0/GoldenGod_2H_MageStaff.png,34.98,1000,Percival,rare,,GoldenGod_2H_MageStaff
BT0_Deco_Evermore_SuspendedGlobe01,Evermore Globe Chandelier,,https://openloot-metadata.bigtime.gg/BT0/Deco_Evermore_SuspendedGlobe01.png,350,100,Evermore,legendary,,Deco_Evermore_SuspendedGlobe01
BT0_Evermore_2H_Axe,Battle Axe of Sir Lionell,,https://openloot-metadata.bigtime.gg/BT0/Evermore_2H_Axe.png,1.42,3500,Lionell,uncommon,,Evermore_2H_Axe
BT0_GrasslandMarauder_Gloves,Grassland Marauder Gloves,,https://openloot-metadata.bigtime.gg/BT0/GrasslandMarauder_Gloves.png,64,1500,Grassland Marauder,rare,,GrasslandMarauder_Gloves
BT0_Title_ASilverLining,A Silver Lining,,https://openloot-metadata.bigtime.gg/BT0/Title_ASilverLining.png,2.59,3500,Standalone Titles,uncommon,,Title_ASilverLining
BT0_Deco_Arthurian_Bed04,Arthurian Four Post Bed,,https://openloot-metadata.bigtime.gg/BT0/Deco_Arthurian_Bed04.png,7,3500,Arthurian,uncommon,,Deco_Arthurian_Bed04
BT0_OrangeDream_2H_Sword,Great Sword of Sir Bedivere,,https://openloot-metadata.bigtime.gg/BT0/OrangeDream_2H_sword.png,4.5,1000,Bedivere,rare,,OrangeDream_2H_Sword
